Method,SNR_dB,SNR_Improvement_dB,Correlation,RMS_Error
Fixed filter only,8.09119432197176,3.11998510240811,0.951051854571767,0.40214731615822
Interpolation + filter,8.10595361661949,3.13474439705584,0.917953964280225,0.401464556990272
Median replacement + filter,6.9794163560456,2.00820713648195,0.908083511493372,0.457060902622623
Hybrid median/mean + filter,8.20219679993374,3.23098758037009,0.922307564946771,0.397040720931377
Residual spike cleanup,6.47367562195231,1.50246640238867,0.897368094180185,0.48446355271652
Wavelet + filter,8.11222644187406,3.14101722231041,0.950886931357375,0.401174729696879
