HeartRate_RR_BPM,Dominant_HR_Peak_Hz,HeartRate_Frequency_BPM,Percentage_Error,RMSSD_ms,SDNN_ms
73.972602739726,1.23333333333333,74,0.037037037037036,75.0426098830522,48.0113543138819
