SNR_before_dB,SNR_after_dB,SNR_improvement_dB,BaselinePower_before,BaselinePower_after,NoisePower_before,NoisePower_after
29.2198020339912,30.471561765873,1.25175973188179,0.000637882271410757,0.000372033116735537,0.000661871255197724,0.000372221876485115
