SNR_before_dB,SNR_after_dB,SNR_improvement_dB,BaselinePower_before,BaselinePower_after,NoisePower_before,NoisePower_after
13.8909601911104,32.1601550796252,18.2691948885148,0.00217776968529644,0.00018090061789388,0.00341648275727796,0.00184080056747855
